{"cameraMode":{"drawMode":0,"name":"Shaded","section":"Shading Mode"},"sceneLighting":true,"audioPlay":false,"sceneViewState":{"showFog":true,"showMaterialUpdate":false,"showSkybox":true,"showFlares":true,"showImageEffects":true,"showParticleSystems":true},"in2DMode":false,"pivot":{"x":12.322975158691407,"y":1.6738529205322266,"z":22.817663192749025},"rotation":{"x":0.06854735314846039,"y":-0.9311532974243164,"z":0.24005238711833955,"w":0.2658485770225525},"size":1234.8023681640625,"orthographic":false}